label,name,name_mco,text_content,
organizacion,1,organizacion/1,WFP,
organizacion,2,organizacion/2,OIM,
organizacion,3,organizacion/3,Acción contra el hambre,
organizacion,4,organizacion/4,GVC We World,
organizacion,5,organizacion/5,Vox Latina,
organizacion,6,organizacion/6,Adra,
organizacion,7,organizacion/7,Visión Mundial,
organizacion,8,organizacion/8,Dirección particular de Educación,
organizacion,9,organizacion/9,ADEPES,
organizacion,10,organizacion/10,ADETRIUNFO,
organizacion,11,organizacion/11,ACESH,
organizacion,12,organizacion/12,Otro,
country,GT,country/GT,Guatemala,
country,SLV,country/SLV,El Salvador,
country,HND,country/HND,Honduras,
departamento,GT16,departamento/GT16,Alta Verapaz,
departamento,GT20,departamento/GT20,Chiquimula,
departamento,GT13,departamento/GT13,Huehuetenango,
departamento,GT12,departamento/GT12,San Marcos,
departamento,1184,departamento/1184,Ahuachapan,
departamento,1185,departamento/1185,Cabañas,
departamento,1193,departamento/1193,San Salvador,
departamento,1197,departamento/1197,Usulutan,
departamento,901726,departamento/901726,Choluteca,
departamento,901730,departamento/901730,Cortes,
departamento,901732,departamento/901732,Francisco Morazan,
departamento,901742,departamento/901742,Yoro,
municipio,GT1612,municipio/GT1612,Cahabon,
municipio,GT1614,municipio/GT1614,Chahal,
municipio,GT1613,municipio/GT1613,Chisec,
municipio,GT1601,municipio/GT1601,Coban,
municipio,GT1615,municipio/GT1615,Fray Bartolome de Las Casas,
municipio,GT1611,municipio/GT1611,Lanquin,
municipio,GT1607,municipio/GT1607,Panzos,
municipio,GT1617,municipio/GT1617,Raxruha,
municipio,GT1603,municipio/GT1603,San Cristobal Verapaz,
municipio,GT1610,municipio/GT1610,San Juan Chamelco,
municipio,GT1609,municipio/GT1609,San Pedro Carcha,
municipio,GT1616,municipio/GT1616,Santa Catalina La Tinta,
municipio,GT1602,municipio/GT1602,Santa Cruz Verapaz,
municipio,GT1608,municipio/GT1608,Senahu,
municipio,GT1604,municipio/GT1604,Tactic,
municipio,GT1605,municipio/GT1605,Tamahu,
municipio,GT1606,municipio/GT1606,Tucuru,
municipio,GT2005,municipio/GT2005,Camotan,
municipio,GT2001,municipio/GT2001,Chiquimula,
municipio,GT2008,municipio/GT2008,Concepcion Las Minas,
municipio,GT2007,municipio/GT2007,Esquipulas,
municipio,GT2011,municipio/GT2011,Ipala,
municipio,GT2004,municipio/GT2004,Jocotan,
municipio,GT2006,municipio/GT2006,Olopa,
municipio,GT2009,municipio/GT2009,Quezaltepeque,
municipio,GT2010,municipio/GT2010,San Jacinto,
municipio,GT2002,municipio/GT2002,San Jose La Arada,
municipio,GT2003,municipio/GT2003,San Juan Ermita,
municipio,GT1327,municipio/GT1327,Aguacatan,
municipio,GT1326,municipio/GT1326,Barillas,
municipio,GT1302,municipio/GT1302,Chiantla,
municipio,GT1319,municipio/GT1319,Colotenango,
municipio,GT1322,municipio/GT1322,Concepcion Huista,
municipio,GT1304,municipio/GT1304,Cuilco,
municipio,GT1301,municipio/GT1301,Huehuetenango,
municipio,GT1309,municipio/GT1309,Ixtahuacan,
municipio,GT1307,municipio/GT1307,Jacaltenango,
municipio,GT1312,municipio/GT1312,La Democracia,
municipio,GT1311,municipio/GT1311,La Libertad,
municipio,GT1303,municipio/GT1303,Malacatancito,
municipio,GT1305,municipio/GT1305,Nenton,
municipio,GT1333,municipio/GT1333,Petatan,
municipio,GT1324,municipio/GT1324,San Antonio Huista,
municipio,GT1329,municipio/GT1329,San Gaspar Ixchil,
municipio,GT1316,municipio/GT1316,San Juan Atitan,
municipio,GT1323,municipio/GT1323,San Juan Ixcoy,
municipio,GT1318,municipio/GT1318,San Mateo Ixtatan,
municipio,GT1313,municipio/GT1313,San Miguel Acatan,
municipio,GT1306,municipio/GT1306,San Pedro Necta,
municipio,GT1314,municipio/GT1314,San Rafael La Independencia,
municipio,GT1328,municipio/GT1328,San Rafael Petzal,
municipio,GT1325,municipio/GT1325,San Sebastian Coatan,
municipio,GT1320,municipio/GT1320,San Sebastian Huehuetenango,
municipio,GT1331,municipio/GT1331,Santa Ana Huista,
municipio,GT1310,municipio/GT1310,Santa Barbara,
municipio,GT1317,municipio/GT1317,Santa Eulalia,
municipio,GT1330,municipio/GT1330,Santiago Chimaltenango,
municipio,GT1308,municipio/GT1308,Soloma,
municipio,GT1321,municipio/GT1321,Tectitan,
municipio,GT1315,municipio/GT1315,Todos Santos Cuchumatan,
municipio,GT1332,municipio/GT1332,Union Cantinil,
municipio,GT1217,municipio/GT1217,Ayutla,
municipio,GT1216,municipio/GT1216,Catarina,
municipio,GT1204,municipio/GT1204,Comitancillo,
municipio,GT1206,municipio/GT1206,Concepcion Tutuapa,
municipio,GT1220,municipio/GT1220,El Quetzal,
municipio,GT1214,municipio/GT1214,El Rodeo,
municipio,GT1213,municipio/GT1213,El Tumbador,
municipio,GT1227,municipio/GT1227,Esquipulas Palo Gordo,
municipio,GT1223,municipio/GT1223,Ixchiguan,
municipio,GT1230,municipio/GT1230,La Blanca,
municipio,GT1221,municipio/GT1221,La Reforma,
municipio,GT1215,municipio/GT1215,Malacatan,
municipio,GT1212,municipio/GT1212,Nuevo Progreso,
municipio,GT1218,municipio/GT1218,Ocos,
municipio,GT1222,municipio/GT1222,Pajapita,
municipio,GT1228,municipio/GT1228,Rio Blanco,
municipio,GT1203,municipio/GT1203,San Antonio Sacatepequez,
municipio,GT1225,municipio/GT1225,San Cristobal Cucho,
municipio,GT1224,municipio/GT1224,San Jose Ojetenam,
municipio,GT1229,municipio/GT1229,San Lorenzo,
municipio,GT1201,municipio/GT1201,San Marcos,
municipio,GT1205,municipio/GT1205,San Miguel Ixtahuacan,
municipio,GT1219,municipio/GT1219,San Pablo,
municipio,GT1202,municipio/GT1202,San Pedro Sacatepequez,
municipio,GT1211,municipio/GT1211,San Rafael Pie de la Cuesta,
municipio,GT1208,municipio/GT1208,Sibinal,
municipio,GT1226,municipio/GT1226,Sipacapa,
municipio,GT1207,municipio/GT1207,Tacana,
municipio,GT1209,municipio/GT1209,Tajumulco,
municipio,GT1210,municipio/GT1210,Tejutla,
municipio,15566,municipio/15566,Ahuachapan,
municipio,15567,municipio/15567,Apaneca,
municipio,15568,municipio/15568,Atiquizaya,
municipio,15569,municipio/15569,Concepcion De Ataco,
municipio,15570,municipio/15570,El Refugio,
municipio,15571,municipio/15571,Guaymango,
municipio,15572,municipio/15572,Jujutla,
municipio,15573,municipio/15573,San Francisco Menendez,
municipio,15574,municipio/15574,San Lorenzo,
municipio,15575,municipio/15575,San Pedro Puxtla,
municipio,15576,municipio/15576,Tacuba,
municipio,15577,municipio/15577,Turin,
municipio,15578,municipio/15578,Cinquera,
municipio,15579,municipio/15579,Dolores,
municipio,15580,municipio/15580,Guacotecti,
municipio,15581,municipio/15581,Ilobasco,
municipio,15582,municipio/15582,Jutiapa,
municipio,15583,municipio/15583,San Isidro,
municipio,15584,municipio/15584,Sensuntepeque,
municipio,15585,municipio/15585,Tejutepeque,
municipio,15586,municipio/15586,Victoria,
municipio,15744,municipio/15744,Aguilares,
municipio,15745,municipio/15745,Apopa,
municipio,15746,municipio/15746,Ayutuxtepeque,
municipio,15747,municipio/15747,Cuscatancingo,
municipio,15748,municipio/15748,Delgado,
municipio,15749,municipio/15749,El Paisnal,
municipio,15750,municipio/15750,Guazapa,
municipio,15751,municipio/15751,Ilopango,
municipio,15752,municipio/15752,Mejicanos,
municipio,15753,municipio/15753,Nejapa,
municipio,15754,municipio/15754,Panchimalco,
municipio,15755,municipio/15755,Rosario De Mora,
municipio,15756,municipio/15756,San Marcos,
municipio,15757,municipio/15757,San Martin,
municipio,15758,municipio/15758,San Salvador,
municipio,15759,municipio/15759,Santiago Texacuangos,
municipio,15760,municipio/15760,Santo Tomas,
municipio,15761,municipio/15761,Soyapango,
municipio,15762,municipio/15762,Tonacatepeque,
municipio,15805,municipio/15805,Alegria,
municipio,15806,municipio/15806,Berlin,
municipio,15807,municipio/15807,California,
municipio,15808,municipio/15808,Concepcion Batres,
municipio,15809,municipio/15809,El Triunfo,
municipio,15810,municipio/15810,Ereguayquin,
municipio,15811,municipio/15811,Estanzuelas,
municipio,15812,municipio/15812,Jiquilisco,
municipio,15813,municipio/15813,Jucuapa,
municipio,15814,municipio/15814,Jucuaran,
municipio,15815,municipio/15815,Mercedes Umaña,
municipio,15816,municipio/15816,Nueva Granada,
municipio,15817,municipio/15817,Ozatlan,
municipio,15818,municipio/15818,Puerto El Triunfo,
municipio,15819,municipio/15819,San Agustin,
municipio,15820,municipio/15820,San Buena Ventura,
municipio,15821,municipio/15821,San Dionisio,
municipio,15822,municipio/15822,San Francisco Javier,
municipio,15823,municipio/15823,Santa Elena,
municipio,15824,municipio/15824,Santa Maria,
municipio,15825,municipio/15825,Santiago De Maria,
municipio,15826,municipio/15826,Tecapan,
municipio,15827,municipio/15827,Usulutan,
municipio,1021441,municipio/1021441,Apacilagua,
municipio,1021442,municipio/1021442,Choluteca,
municipio,1021443,municipio/1021443,Concepcion de Maria,
municipio,1021444,municipio/1021444,Duyure,
municipio,1021445,municipio/1021445,El Corpus,
municipio,1021446,municipio/1021446,El Triunfo,
municipio,1021447,municipio/1021447,Marcovia,
municipio,1021448,municipio/1021448,Morolica,
municipio,1021449,municipio/1021449,Namasigue,
municipio,1021450,municipio/1021450,Orocuina,
municipio,1021451,municipio/1021451,Pespire,
municipio,1021452,municipio/1021452,San Antonio de Flores,
municipio,1021453,municipio/1021453,San Isidro,
municipio,1021454,municipio/1021454,San Jose,
municipio,1021455,municipio/1021455,San Marcos de Colon,
municipio,1021456,municipio/1021456,Santa Ana de Yusguare,
municipio,1021511,municipio/1021511,Choloma,
municipio,1021512,municipio/1021512,La Lima,
municipio,1021513,municipio/1021513,Omoa,
municipio,1021514,municipio/1021514,Pimienta,
municipio,1021515,municipio/1021515,Potrerillos,
municipio,1021516,municipio/1021516,Puerto Cortes,
municipio,1021517,municipio/1021517,San Antonio de Cortes,
municipio,1021518,municipio/1021518,San Francisco de Yojoa,
municipio,1021519,municipio/1021519,San Manuel,
municipio,1021520,municipio/1021520,San Pedro Sula,
municipio,1021521,municipio/1021521,Santa Cruz de Yojoa,
municipio,1021522,municipio/1021522,Villanueva,
municipio,1021542,municipio/1021542,Alubaren,
municipio,1021543,municipio/1021543,Cedros,
municipio,1021544,municipio/1021544,Curaren,
municipio,1021545,municipio/1021545,Distrito Central,
municipio,1021546,municipio/1021546,El Porvenir,
municipio,1021547,municipio/1021547,Guaimaca,
municipio,1021548,municipio/1021548,La Libertad,
municipio,1021549,municipio/1021549,La Venta,
municipio,1021550,municipio/1021550,Lepaterique,
municipio,1021551,municipio/1021551,Maraita,
municipio,1021552,municipio/1021552,Marale,
municipio,1021553,municipio/1021553,Nueva Armenia,
municipio,1021554,municipio/1021554,Ojojona,
municipio,1021555,municipio/1021555,Orica,
municipio,1021556,municipio/1021556,Reitoca,
municipio,1021557,municipio/1021557,Sabanagrande,
municipio,1021558,municipio/1021558,San Antonio de Oriente,
municipio,1021559,municipio/1021559,San Buenaventura,
municipio,1021560,municipio/1021560,San Ignacio,
municipio,1021561,municipio/1021561,San Juan de Flores,
municipio,1021562,municipio/1021562,San Miguelito,
municipio,1021563,municipio/1021563,Santa Ana,
municipio,1021564,municipio/1021564,Santa Lucia,
municipio,1021565,municipio/1021565,Talanga,
municipio,1021566,municipio/1021566,Tatumbla,
municipio,1021567,municipio/1021567,Valle de Angeles,
municipio,1021568,municipio/1021568,Vallecillo,
municipio,1021569,municipio/1021569,Villa de San Francisco,
municipio,1021720,municipio/1021720,Arenal,
municipio,1021721,municipio/1021721,El Negrito,
municipio,1021722,municipio/1021722,El Progreso,
municipio,1021723,municipio/1021723,Jocon,
municipio,1021724,municipio/1021724,Morazan,
municipio,1021725,municipio/1021725,Olanchito,
municipio,1021726,municipio/1021726,Santa Rita,
municipio,1021727,municipio/1021727,Sulaco,
municipio,1021728,municipio/1021728,Victoria,
municipio,1021729,municipio/1021729,Yorito,
municipio,1021730,municipio/1021730,Yoro,
,,,,
rural_urban,1,area/1,Rural,
rural_urban,2,area/2,Urban,
,,,,
sexo,1,sexo/1,Woman,
sexo,2,sexo/2,Man,
sexo,3,sexo/3,I prefer not to say,
,,,,
tipo_familia,1,tipo_familia/1,Biparental,
tipo_familia,2,tipo_familia/2,Single parent - Mother,
tipo_familia,3,tipo_familia/3,Single parent - Father,
tipo_familia,4,tipo_familia/4,Reconstituted,
tipo_familia,5,tipo_familia/5,Extensive (Integrates other blood relatives),
tipo_familia,6,tipo_familia/6,Homoparental (Union of the same sex with children),
tipo_familia,7,tipo_familia/7,Couples with a stable relationship but not living together,
tipo_familia,8,tipo_familia/8,Childless union,
tipo_familia,9,tipo_familia/9,Only one person,
tipo_familia,10,tipo_familia/10,Other,
,,,,
family_type_reduced,1,family_type_reduced/1,Biparental,
family_type_reduced,2,family_type_reduced/2,Single parent,
family_type_reduced,3,family_type_reduced/3,Extensive,
family_type_reduced,4,family_type_reduced/4,Other,
,,,,
cond_migracion,1,cond_migracion/1,Person who has never migrated or tried to migrate,
cond_migracion,2,cond_migracion/2,Person who has tried to migrate but never left the country of origin,
cond_migracion,3,cond_migracion/3,Returned person,
cond_migracion,4,cond_migracion/4,Person in transit,
cond_migracion,5,cond_migracion/5,Person who sends remittances who was part of the household,
cond_migracion,6,cond_migracion/6,Person who sent remittances who was part of the household,
cond_migracion,7,cond_migracion/7,"Person who has never sent remittances, lives abroad that was part of the home",
cond_migracion,8,cond_migracion/8,Person who never migrated or tried to migrate and died,
cond_migracion,9,cond_migracion/9,Person who returned and died,
cond_migracion,10,cond_migracion/10,Person who migrated or tried to migrate and died,
cond_migracion,11,cond_migracion/11,Person who migrated but their whereabouts are unknown,
cond_migracion,99,cond_migracion/99,NS / NR,
,,,,
escolaridad,1,escolaridad/1,Without education,
escolaridad,2,escolaridad/2,Preschool,
escolaridad,3,escolaridad/3,Primary,
escolaridad,4,escolaridad/4,High school,
escolaridad,5,escolaridad/5,General baccalaureate,
escolaridad,6,escolaridad/6,Technical Baccalaureate,
escolaridad,7,escolaridad/7,Higher or university education technician,
escolaridad,8,escolaridad/8,"University undergraduate (bachelor's degree, engineering)",
escolaridad,9,escolaridad/9,"University postgraduate (master's, doctorate or specialization)",
escolaridad,99,escolaridad/99,NS / NR,
,,,,
y_n_ns,1,y_n_ns/1,Yes,
y_n_ns,0,y_n_ns/0,Not,
y_n_ns,99,y_n_ns/99,NS / NR,
,,,,
y_n,1,y_n/1,Yes,
y_n,0,y_n/0,Not,
,,,,
mig_ocupacion,1,mig_ocupacion/1,Salaried employment,
mig_ocupacion,2,mig_ocupacion/2,Informal work,
mig_ocupacion,3,mig_ocupacion/3,Own business,
mig_ocupacion,4,mig_ocupacion/4,Agricultural production or labor,
mig_ocupacion,5,mig_ocupacion/5,Unemployed,
mig_ocupacion,6,mig_ocupacion/6,Retired,
mig_ocupacion,7,mig_ocupacion/7,Domestic work,
mig_ocupacion,8,mig_ocupacion/8,Unpaid home care,
mig_ocupacion,9,mig_ocupacion/9,Student (may or may not attend classes regularly),
mig_ocupacion,10,mig_ocupacion/10,Other,
mig_ocupacion,88,mig_ocupacion/88,Does not apply,
mig_ocupacion,99,mig_ocupacion/99,NS / NR,
,,,,
mig_ocupacion_group,1,mig_ocupacion_group/1,Agricultural production or labor,4
mig_ocupacion_group,2,mig_ocupacion_group/2,Salaried employment,1
mig_ocupacion_group,3,mig_ocupacion_group/3,Informal work,2
mig_ocupacion_group,4,mig_ocupacion_group/4,Own Business,3
mig_ocupacion_group,4,mig_ocupacion_group/5,Other Work,"6, 7, 8, 10"
mig_ocupacion_group,5,mig_ocupacion_group/5,Student,9
mig_ocupacion_group,6,mig_ocupacion_group/6,Unemployment,5
,,,,
orig_ocupacion,1,orig_ocupacion/1,Salaried employment,
orig_ocupacion,2,orig_ocupacion/2,Informal work,
orig_ocupacion,3,orig_ocupacion/3,Own business,
orig_ocupacion,4,orig_ocupacion/4,Agricultural production or labor,
orig_ocupacion,5,orig_ocupacion/5,Unemployed,
orig_ocupacion,6,orig_ocupacion/6,Retired,
orig_ocupacion,7,orig_ocupacion/7,Domestic work,
orig_ocupacion,8,orig_ocupacion/8,Unpaid home care,
orig_ocupacion,9,orig_ocupacion/9,Student (may or may not attend classes regularly),
orig_ocupacion,10,orig_ocupacion/10,Other,
orig_ocupacion,88,orig_ocupacion/88,Does not apply,
orig_ocupacion,99,orig_ocupacion/99,NS / NR,
,,,,
student_status,1,student_status/1,"Yes, you are enrolled and attend classes regularly",
student_status,2,student_status/2,"Yes, you are enrolled but you do not attend classes regularly",
student_status,3,student_status/3,"No, you are not enrolled in classes",
student_status,88,student_status/88,"Does not apply, is not a student",
student_status,99,student_status/99,NS / NR,
,,,,
modalidad_educacion,1,modalidad_educacion/1,Face-to-face classes,
modalidad_educacion,2,modalidad_educacion/2,Blended classes (distance education combined with face-to-face classes),
modalidad_educacion,3,modalidad_educacion/3,Online classes taught by the educational center,
modalidad_educacion,4,modalidad_educacion/4,Online classes taught by an NGO or other organization,
modalidad_educacion,5,modalidad_educacion/5,Televised lessons organized by the authorities,
modalidad_educacion,6,modalidad_educacion/6,Teachers have communicated with students via phone or social media,
modalidad_educacion,7,modalidad_educacion/7,Paper learning materials have been received,
modalidad_educacion,8,modalidad_educacion/8,Classes are suspended due to the COVID-19 pandemic,
,,,,
no_escuela_why,1,no_escuela_why/1,Classes were suspended due to the COVID-19 pandemic,
no_escuela_why,2,no_escuela_why/2,The school is closed for other reasons,
no_escuela_why,3,no_escuela_why/3,No access or limited internet access at home (virtual classes),
no_escuela_why,4,no_escuela_why/4,He does not have a computer or laptop to attend classes,
no_escuela_why,5,no_escuela_why/5,Person in immigration transit,
no_escuela_why,6,no_escuela_why/6,He did not want to continue studying,
no_escuela_why,7,no_escuela_why/7,You haven't had the time to attend classes regularly,
no_escuela_why,8,no_escuela_why/8,Illness or disability,
no_escuela_why,9,no_escuela_why/9,Lack of money,
no_escuela_why,10,no_escuela_why/10,Power outages,
no_escuela_why,11,no_escuela_why/11,Lack of transportation,
no_escuela_why,12,no_escuela_why/12,School is far from where you live,
no_escuela_why,13,no_escuela_why/13,Lack of food at home,
no_escuela_why,14,no_escuela_why/14,Did not continue the School Feeding Program,
no_escuela_why,15,no_escuela_why/15,Teachers' absence / strike or strike,
no_escuela_why,16,no_escuela_why/16,Insecurity when attending the educational center,
no_escuela_why,17,no_escuela_why/17,Demonstrations or protests,
no_escuela_why,18,no_escuela_why/18,Must stay home doing housework,
no_escuela_why,19,no_escuela_why/19,"Must work without pay (agriculture, family business)",
no_escuela_why,20,no_escuela_why/20,Work for cash or food,
no_escuela_why,21,no_escuela_why/21,Pregnancy,
no_escuela_why,22,no_escuela_why/22,I take care of children,
no_escuela_why,23,no_escuela_why/23,"Child, early and forced marriage and unions",
no_escuela_why,24,no_escuela_why/24,Another reason,
no_escuela_why,88,no_escuela_why/88,"Does not apply, is not a student",
no_escuela_why,99,no_escuela_why/99,NS / NR,
,,,,
school_feeding,1,school_feeding/1,"Yes it works, food is served at school",
school_feeding,2,school_feeding/2,"Yes it works, the food is delivered to take home (classes from home or blended)",
school_feeding,3,school_feeding/3,It does work but irregularly (either food served at school or to take home),
school_feeding,4,school_feeding/4,It stopped working due to the COVID-19 pandemic,
school_feeding,5,school_feeding/5,It stopped working for other reasons,
school_feeding,6,school_feeding/6,Has never existed in school,
school_feeding,88,school_feeding/88,"The program does not apply to the educational center (university, private school, etc.)",
school_feeding,99,school_feeding/99,NS / NR,
,,,,
vulnerability,1,vulnerability/1,Physical or mental disability,
vulnerability,2,vulnerability/2,"Chronic disease (cardiovascular, chronic respiratory, cancer, diabetes)",
vulnerability,3,vulnerability/3,None of the above,
vulnerability,99,vulnerability/99,NS / NR,
,,,,
vulnerability_longterm,1,vulnerability_longterm/1,View,
vulnerability_longterm,2,vulnerability_longterm/2,Hearing,
vulnerability_longterm,3,vulnerability_longterm/3,Communicate and / or understand (including difficulty remembering or concentrating),
vulnerability_longterm,4,vulnerability_longterm/4,Walking and / or climbing stairs,
vulnerability_longterm,5,vulnerability_longterm/5,Bathing and / or dressing,
vulnerability_longterm,6,vulnerability_longterm/6,Nobody has any difficulty,
vulnerability_longterm,99,vulnerability_longterm/99,NS / NR,
,,,,
mig_ext_pref_motivo,1,mig_ext_pref_motivo/1,"Search for a better job, salary or working conditions",
mig_ext_pref_motivo,2,mig_ext_pref_motivo/2,Unemployment,
mig_ext_pref_motivo,3,mig_ext_pref_motivo/3,"Deterioration of livelihoods due to natural hazards (floods, droughts, volcanic eruptions, hurricanes, plagues, etc.)",
mig_ext_pref_motivo,4,mig_ext_pref_motivo/4,By the direct impact of a natural hazard,
mig_ext_pref_motivo,5,mig_ext_pref_motivo/5,Due to loss of land due to processes of land use change,
mig_ext_pref_motivo,6,mig_ext_pref_motivo/6,Lack of money to buy food,
mig_ext_pref_motivo,7,mig_ext_pref_motivo/7,"Lack of money to cover other basic needs (health, education, housing, clothing, services, etc.)",
mig_ext_pref_motivo,8,mig_ext_pref_motivo/8,To send remittances,
mig_ext_pref_motivo,9,mig_ext_pref_motivo/9,For study,
mig_ext_pref_motivo,10,mig_ext_pref_motivo/10,Domestic violence,
mig_ext_pref_motivo,11,mig_ext_pref_motivo/11,Unsafety,
mig_ext_pref_motivo,12,mig_ext_pref_motivo/12,Family reunification,
mig_ext_pref_motivo,13,mig_ext_pref_motivo/13,For cultural reasons or custom,
mig_ext_pref_motivo,14,mig_ext_pref_motivo/14,"For health (treatments, surgeries or medical consultations, medicines, etc.)",
mig_ext_pref_motivo,15,mig_ext_pref_motivo/15,Adventure Turism,
mig_ext_pref_motivo,16,mig_ext_pref_motivo/16,Other,
mig_ext_pref_motivo,99,mig_ext_pref_motivo/99,NS / NR,
,,,,
mig_ext_pref_no_plan,1,mig_ext_pref_no_plan/1,Due to immigration restrictions due to the COVID-19 pandemic,
mig_ext_pref_no_plan,2,mig_ext_pref_no_plan/2,For the fear of contagion of COVID-19,
mig_ext_pref_no_plan,3,mig_ext_pref_no_plan/3,I don't have enough resources to pay for the COVID-19 test and be able to travel,
mig_ext_pref_no_plan,4,mig_ext_pref_no_plan/4,I don't have enough resources to pay for the trip,
mig_ext_pref_no_plan,5,mig_ext_pref_no_plan/5,"I do not have enough resources to support the cost of living in the country of destination (accommodation, food, transportation, health, etc.)",
mig_ext_pref_no_plan,6,mig_ext_pref_no_plan/6, ,
mig_ext_pref_no_plan,7,mig_ext_pref_no_plan/7,For the dangers on the way to the destination country,
mig_ext_pref_no_plan,8,mig_ext_pref_no_plan/8,My family does not agree with me moving to another country,
mig_ext_pref_no_plan,9,mig_ext_pref_no_plan/9,I have not had time to plan the trip,
mig_ext_pref_no_plan,10,mig_ext_pref_no_plan/10,Other,
mig_ext_pref_no_plan,99,mig_ext_pref_no_plan/99,NS / NR,
,,,,
mig_ext_pref_preparacion,1,mig_ext_pref_preparacion/1,Save money,
mig_ext_pref_preparacion,2,mig_ext_pref_preparacion/2,Save money with remittances,
mig_ext_pref_preparacion,3,mig_ext_pref_preparacion/3,Ask for a loan,
mig_ext_pref_preparacion,4,mig_ext_pref_preparacion/4,Contact people in the destination country,
mig_ext_pref_preparacion,5,mig_ext_pref_preparacion/5,"Purchase of the air ticket / ticket, land or water transport",
mig_ext_pref_preparacion,6,mig_ext_pref_preparacion/6,"Prepare the papers to be able to move to another country (passport, visa, permits, etc.)",
mig_ext_pref_preparacion,7,mig_ext_pref_preparacion/7,Rental or purchase of housing where you will move made or in process,
mig_ext_pref_preparacion,8,mig_ext_pref_preparacion/8,Hiring or contacting the person (coyote) who will guide me on the migratory route (irregular),
mig_ext_pref_preparacion,9,mig_ext_pref_preparacion/9,Other,
mig_ext_pref_preparacion,99,mig_ext_pref_preparacion/99,NS / NR,
,,,,
mig_int_pref_motivo,1,mig_int_pref_motivo/1,To find better job opportunities,
mig_int_pref_motivo,2,mig_int_pref_motivo/2,A family member has a job in another part of the country,
mig_int_pref_motivo,3,mig_int_pref_motivo/3,For threats or extortion,
mig_int_pref_motivo,4,mig_int_pref_motivo/4,For domestic violence,
mig_int_pref_motivo,5,mig_int_pref_motivo/5,To find a larger and / or more comfortable space for my family,
mig_int_pref_motivo,6,mig_int_pref_motivo/6,To become independent or start my own family,
mig_int_pref_motivo,7,mig_int_pref_motivo/7,To seek better academic or study opportunities,
mig_int_pref_motivo,8,mig_int_pref_motivo/8,"Due to the deterioration of livelihoods due to natural hazards (floods, droughts, volcanic eruptions, hurricanes, plagues, etc.)",
mig_int_pref_motivo,9,mig_int_pref_motivo/9,By the direct impact of a natural hazard,
mig_int_pref_motivo,10,mig_int_pref_motivo/10,Due to loss of land due to processes of land use change,
mig_int_pref_motivo,11,mig_int_pref_motivo/11,Other,
mig_int_pref_motivo,99,mig_int_pref_motivo/99,NS / NR,
,,,,
mig_int_pref_no_plan,1,mig_int_pref_no_plan/1,For the fear of contagion of COVID-19,
mig_int_pref_no_plan,2,mig_int_pref_no_plan/2,For fear that something will happen to him due to insecurity,
mig_int_pref_no_plan,3,mig_int_pref_no_plan/3,I don't have enough resources to pay for the transfer,
mig_int_pref_no_plan,4,mig_int_pref_no_plan/4,I don't have enough resources to pay for another house,
mig_int_pref_no_plan,5,mig_int_pref_no_plan/5,"I don't have enough resources to pay for living conditions in another part of the country (services, transportation, food, health, etc.)",
mig_int_pref_no_plan,6,mig_int_pref_no_plan/6,My family disagrees with my moving to another part of the country,
mig_int_pref_no_plan,7,mig_int_pref_no_plan/7,I don't want to abandon my family and / or friends,
mig_int_pref_no_plan,8,mig_int_pref_no_plan/8,I have not had time to plan the move,
mig_int_pref_no_plan,9,mig_int_pref_no_plan/9,Other,
mig_int_pref_no_plan,99,mig_int_pref_no_plan/99,NS / NR,
,,,,
mig_int_pref_preparacion,1,mig_int_pref_preparacion/1,Save money,
mig_int_pref_preparacion,2,mig_int_pref_preparacion/2,Save money with remittances,
mig_int_pref_preparacion,3,mig_int_pref_preparacion/3,Ask for a loan,
mig_int_pref_preparacion,4,mig_int_pref_preparacion/4,Rent or purchase a home where you will move,
mig_int_pref_preparacion,5,mig_int_pref_preparacion/5,Hiring of moving transport,
mig_int_pref_preparacion,6,mig_int_pref_preparacion/6,Other,
mig_int_pref_preparacion,99,mig_int_pref_preparacion/99,NS / NR,
,,,,
mig_motivo_stay,1,mig_motivo_stay/1,I don't want my family to be separated,
mig_motivo_stay,2,mig_motivo_stay/2,My family has economic stability,
mig_motivo_stay,3,mig_motivo_stay/3,Availability of job opportunities,
mig_motivo_stay,4,mig_motivo_stay/4,The place where I live is safe,
mig_motivo_stay,5,mig_motivo_stay/5,Rootedness or sense of belonging to the place where I live or to the country,
mig_motivo_stay,6,mig_motivo_stay/6,For the social status that I enjoy,
mig_motivo_stay,7,mig_motivo_stay/7,"Because there is availability of good public services (health, education, social security, services, public transport, etc.)",
mig_motivo_stay,8,mig_motivo_stay/8,"Because I can pay for good housing, clothing, education, health, services, etc. in the country",
mig_motivo_stay,9,mig_motivo_stay/9,Other,
mig_motivo_stay,99,mig_motivo_stay/99,NS / NR,
,,,,
mig_ext_motivo,1,mig_ext_motivo/1,"Search for a better job, salary or working conditions",
mig_ext_motivo,2,mig_ext_motivo/2,Unemployment,
mig_ext_motivo,3,mig_ext_motivo/3,"Deterioration of livelihoods due to natural hazards (floods, droughts, volcanic eruptions, hurricanes, plagues, etc.)",
mig_ext_motivo,4,mig_ext_motivo/4,By the direct impact of a natural hazard,
mig_ext_motivo,5,mig_ext_motivo/5,Due to loss of land due to processes of land use change,
mig_ext_motivo,6,mig_ext_motivo/6,Lack of money to buy food,
mig_ext_motivo,7,mig_ext_motivo/7,"Lack of money to cover other basic needs (health, education, housing, clothing, services, etc.)",
mig_ext_motivo,8,mig_ext_motivo/8,To send remittances,
mig_ext_motivo,9,mig_ext_motivo/9,For study,
mig_ext_motivo,10,mig_ext_motivo/10,Domestic violence,
mig_ext_motivo,11,mig_ext_motivo/11,Unsafety,
mig_ext_motivo,12,mig_ext_motivo/12,Family reunification,
mig_ext_motivo,13,mig_ext_motivo/13,For cultural reasons or custom,
mig_ext_motivo,14,mig_ext_motivo/14,"For health: treatments, surgeries or medical consultations, medicines, etc.",
mig_ext_motivo,15,mig_ext_motivo/15,Adventure Turism,
mig_ext_motivo,16,mig_ext_motivo/16,Other,
mig_ext_motivo,99,mig_ext_motivo/99,NS / NR,
,,,,
mig_ext_acompany,1,mig_ext_acompany/1,Dad,
mig_ext_acompany,2,mig_ext_acompany/2,Mother,
mig_ext_acompany,3,mig_ext_acompany/3,Brother,
mig_ext_acompany,4,mig_ext_acompany/4,Known,
mig_ext_acompany,5,mig_ext_acompany/5,Child,
mig_ext_acompany,6,mig_ext_acompany/6,Only you,
mig_ext_acompany,7,mig_ext_acompany/7,Coyote,
mig_ext_acompany,8,mig_ext_acompany/8,Another relative,
mig_ext_acompany,9,mig_ext_acompany/9,Other unfamiliar,
mig_ext_acompany,99,mig_ext_acompany/99,NS / NR,
,,,,
mig_ext_medio,1,mig_ext_medio/1,Tourist visa,
mig_ext_medio,2,mig_ext_medio/2,Work visa,
mig_ext_medio,3,mig_ext_medio/3,Student visa,
mig_ext_medio,4,mig_ext_medio/4,Foreign residence,
mig_ext_medio,5,mig_ext_medio/5,With papers from Mexico,
mig_ext_medio,6,mig_ext_medio/6,National identity document (CA-4 countries),
mig_ext_medio,7,mig_ext_medio/7,Passport to a country that does not require a Visa,
mig_ext_medio,8,mig_ext_medio/8,On your own (irregular),
mig_ext_medio,9,mig_ext_medio/9,With coyote (irregular),
mig_ext_medio,10,mig_ext_medio/10,Migrant caravans (irregular),
mig_ext_medio,11,mig_ext_medio/11,Refuge / Asylum,
mig_ext_medio,12,mig_ext_medio/12,Other,
mig_ext_medio,99,mig_ext_medio/99,NS / NR,
,,,,
mig_ext_finance,1,mig_ext_finance/1,Bank loan,
mig_ext_finance,2,mig_ext_finance/2,Mortgaged the house to the bank,
mig_ext_finance,3,mig_ext_finance/3,Loans with lender,
mig_ext_finance,4,mig_ext_finance/4,Cooperative loan,
mig_ext_finance,5,mig_ext_finance/5,Loan from a relative or friend abroad,
mig_ext_finance,6,mig_ext_finance/6,Gift from a relative or friend abroad,
mig_ext_finance,7,mig_ext_finance/7,Savings,
mig_ext_finance,8,mig_ext_finance/8,Family loan in the country,
mig_ext_finance,9,mig_ext_finance/9,With his work when arriving at the destination,
mig_ext_finance,10,mig_ext_finance/10,Sold property or property,
mig_ext_finance,11,mig_ext_finance/11,Other,
mig_ext_finance,99,mig_ext_finance/99,NS / NR,
,,,,
mig_ext_violence,1,mig_ext_violence/1,None,
mig_ext_violence,2,mig_ext_violence/2,Extortion / Attempted extortion,
mig_ext_violence,3,mig_ext_violence/3,Theft / Theft,
mig_ext_violence,4,mig_ext_violence/4,Armed robbery,
mig_ext_violence,5,mig_ext_violence/5,Threat / Intimidation,
mig_ext_violence,6,mig_ext_violence/6,Physical aggression,
mig_ext_violence,7,mig_ext_violence/7,Sexual harassment or assault,
mig_ext_violence,8,mig_ext_violence/8,Kidnapping / Attempted kidnapping,
mig_ext_violence,9,mig_ext_violence/9,Attempted murder,
mig_ext_violence,10,mig_ext_violence/10,Passed away or his whereabouts are unknown,
mig_ext_violence,11,mig_ext_violence/11,Other,
mig_ext_violence,99,mig_ext_violence/99,NS / NR,
,,,,
mig_ext_violence_who,1,mig_ext_violence_who/1,A traveling companion,
mig_ext_violence_who,2,mig_ext_violence_who/2,The coyote,
mig_ext_violence_who,3,mig_ext_violence_who/3,Extermination groups,
mig_ext_violence_who,4,mig_ext_violence_who/4,Organized crime,
mig_ext_violence_who,5,mig_ext_violence_who/5,Police and / or Armed Forces,
mig_ext_violence_who,6,mig_ext_violence_who/6,Groups dedicated to the extraction of natural resources,
mig_ext_violence_who,7,mig_ext_violence_who/7,Other,
mig_ext_violence_who,99,mig_ext_violence_who/99,NS / NR,
,,,,
mig_ext_country,1,mig_ext_country/1,United States of America,
mig_ext_country,2,mig_ext_country/2,Canada,
mig_ext_country,3,mig_ext_country/3,Australia,
mig_ext_country,4,mig_ext_country/4,Spain,
mig_ext_country,5,mig_ext_country/5,Italy,
mig_ext_country,6,mig_ext_country/6,Mexico,
mig_ext_country,7,mig_ext_country/7,Guatemala,
mig_ext_country,8,mig_ext_country/8,Costa Rica,
mig_ext_country,9,mig_ext_country/9,Honduras,
mig_ext_country,10,mig_ext_country/10,The Savior,
mig_ext_country,11,mig_ext_country/11,Nicaragua,
mig_ext_country,12,mig_ext_country/12,Belize,
mig_ext_country,13,mig_ext_country/13,France,
mig_ext_country,14,mig_ext_country/14,Panama,
mig_ext_country,15,mig_ext_country/15,Colombia,
mig_ext_country,16,mig_ext_country/16,Ecuador,
mig_ext_country,17,mig_ext_country/17,Peru,
mig_ext_country,18,mig_ext_country/18,UK,
mig_ext_country,19,mig_ext_country/19,chili,
mig_ext_country,20,mig_ext_country/20,Brazil,
mig_ext_country,21,mig_ext_country/21,Other,
mig_ext_country,99,mig_ext_country/99,NS / NR,
,,,,
mig_ext_llego,1,mig_ext_llego/1,"Yes, you reside in the destination country",
mig_ext_llego,2,mig_ext_llego/2,"Yes, but was returned to the country of origin",
mig_ext_llego,3,mig_ext_llego/3,"Yes, died / disappeared in the destination country",
mig_ext_llego,4,mig_ext_llego/4,"Not yet, it is in transit to the destination country",
mig_ext_llego,5,mig_ext_llego/5,"No, he passed away / disappeared on the way",
mig_ext_llego,6,mig_ext_llego/6,"No, but he resided in another country and was returned",
mig_ext_llego,99,mig_ext_llego/99,NS / NR,
,,,,
mig_ext_return,1,mig_ext_return/1,Due to expulsion from authorities or involuntarily,
mig_ext_return,2,mig_ext_return/2,By voluntary decision: retirement,
mig_ext_return,3,mig_ext_return/3,By voluntary decision: compensation,
mig_ext_return,4,mig_ext_return/4,By voluntary decision: start business,
mig_ext_return,5,mig_ext_return/5,By voluntary decision: family reunification,
mig_ext_return,6,mig_ext_return/6,By voluntary decision: other,
mig_ext_return,7,mig_ext_return/7,Due to illness or accident,
mig_ext_return,8,mig_ext_return/8,For violence or insecurity,
mig_ext_return,9,mig_ext_return/9,Due to insufficient financial resources,
mig_ext_return,10,mig_ext_return/10,Other,
mig_ext_return,99,mig_ext_return/99,NS / NR,
,,,,
mig_ext_opinion,1,mig_ext_opinion/1,Good,
mig_ext_opinion,2,mig_ext_opinion/2,Bad,
mig_ext_opinion,3,mig_ext_opinion/3,Both,
mig_ext_opinion,4,mig_ext_opinion/4,Neither good nor bad,
mig_ext_opinion,99,mig_ext_opinion/99,NS / NR,
,,,,
mig_ext_opinion_good,1,mig_ext_opinion_good/1,To improve family income,
mig_ext_opinion_good,2,mig_ext_opinion_good/2,"To improve the family's living conditions (housing, services, health, education, transportation, clothing, etc.)",
mig_ext_opinion_good,3,mig_ext_opinion_good/3,To improve the family's self-esteem and happiness,
mig_ext_opinion_good,4,mig_ext_opinion_good/4,Other languages ​​are learned,
mig_ext_opinion_good,5,mig_ext_opinion_good/5,You learn from other cultures,
mig_ext_opinion_good,6,mig_ext_opinion_good/6,New places are known,
mig_ext_opinion_good,7,mig_ext_opinion_good/7,Other,
mig_ext_opinion_good,99,mig_ext_opinion_good/99,NS / NR,
,,,,
mig_ext_opinion_bad,1,mig_ext_opinion_bad/1,Because of family separation,
mig_ext_opinion_bad,2,mig_ext_opinion_bad/2,Due to the deterioration in working conditions,
mig_ext_opinion_bad,3,mig_ext_opinion_bad/3,Due to the feeling of sadness and / or abandonment suffered by people who stay in the country,
mig_ext_opinion_bad,4,mig_ext_opinion_bad/4,Because of the constant concern that people who stay have for the person who migrated,
mig_ext_opinion_bad,5,mig_ext_opinion_bad/5,Due to the indebtedness or expense involved in migrating,
mig_ext_opinion_bad,6,mig_ext_opinion_bad/6,For the sacrifice made by the person who migrates,
mig_ext_opinion_bad,7,mig_ext_opinion_bad/7,Due to the discrimination suffered by the person who migrates,
mig_ext_opinion_bad,8,mig_ext_opinion_bad/8,Due to the poor living conditions suffered by the person who migrates,
mig_ext_opinion_bad,9,mig_ext_opinion_bad/9,Other,
mig_ext_opinion_bad,99,mig_ext_opinion_bad/99,NS / NR,
,,,,
remesa_parentesco,1,remesa_parentesco/1,Spouse / Partner,
remesa_parentesco,2,remesa_parentesco/2,Father mother,
remesa_parentesco,3,remesa_parentesco/3,Child,
remesa_parentesco,4,remesa_parentesco/4,Brother,
remesa_parentesco,5,remesa_parentesco/5,Uncle,
remesa_parentesco,6,remesa_parentesco/6,Grandfather,
remesa_parentesco,7,remesa_parentesco/7,Grandson,
remesa_parentesco,8,remesa_parentesco/8,Father-in-law,
remesa_parentesco,9,remesa_parentesco/9,Cousin,
remesa_parentesco,10,remesa_parentesco/10,Nephew,
remesa_parentesco,11,remesa_parentesco/11,Stepchild,
remesa_parentesco,12,remesa_parentesco/12,Son in law daughter in law,
remesa_parentesco,13,remesa_parentesco/13,Former spouse / former partner,
remesa_parentesco,14,remesa_parentesco/14,Other relative,
remesa_parentesco,15,remesa_parentesco/15,Other non-relative,
remesa_parentesco,99,remesa_parentesco/99,NS / NR,
,,,,
remesa_remit_ocupacion,1,remesa_remit_ocupacion/1,Permanent employment,
remesa_remit_ocupacion,2,remesa_remit_ocupacion/2,Temporary or seasonal employment,
remesa_remit_ocupacion,3,remesa_remit_ocupacion/3,Own business,
remesa_remit_ocupacion,4,remesa_remit_ocupacion/4,Informal work,
remesa_remit_ocupacion,5,remesa_remit_ocupacion/5,Agricultural production,
remesa_remit_ocupacion,6,remesa_remit_ocupacion/6,Agricultural day,
remesa_remit_ocupacion,7,remesa_remit_ocupacion/7,Unemployed,
remesa_remit_ocupacion,8,remesa_remit_ocupacion/8,Retired,
remesa_remit_ocupacion,9,remesa_remit_ocupacion/9,Domestic work,
remesa_remit_ocupacion,10,remesa_remit_ocupacion/10,Student,
remesa_remit_ocupacion,11,remesa_remit_ocupacion/11,Other,
remesa_remit_ocupacion,99,remesa_remit_ocupacion/99,NS / NR,
,,,,
remesa_freq,1,remesa_freq/1,Every week or less,
remesa_freq,2,remesa_freq/2,Every fifteen days,
remesa_freq,3,remesa_freq/3,Each month,
remesa_freq,4,remesa_freq/4,Every two months,
remesa_freq,5,remesa_freq/5,Every three months,
remesa_freq,6,remesa_freq/6,Every six months,
remesa_freq,7,remesa_freq/7,Once a year,
remesa_freq,8,remesa_freq/8,"On extraordinary occasions (celebrations, death, etc.)",
remesa_freq,9,remesa_freq/9,Other,
remesa_freq,99,remesa_freq/99,NS / NR,
,,,,
remesa_covid,1,remesa_covid/1,Increase,
remesa_covid,2,remesa_covid/2,Stayed the same,
remesa_covid,3,remesa_covid/3,Decreased,
remesa_covid,4,remesa_covid/4,Came to a complete stop,
remesa_covid,99,remesa_covid/99,NS / NR,
,,,,
remesa_tipo,1,remesa_tipo/1,Money,
remesa_tipo,2,remesa_tipo/2,In kind (gifts / goods),
remesa_tipo,3,remesa_tipo/3,Both of them,
remesa_tipo,99,remesa_tipo/99,NS / NR,
,,,,
remesa_especie,1,remesa_especie/1,"Clothing (clothes, shoes)",
remesa_especie,2,remesa_especie/2,Toys / videogames,
remesa_especie,3,remesa_especie/3,Medicines,
remesa_especie,4,remesa_especie/4,Home appliances / furniture,
remesa_especie,5,remesa_especie/5,"Computers, tablets, phones",
remesa_especie,6,remesa_especie/6,Mobile recharges,
remesa_especie,7,remesa_especie/7,Purchase orders for supermarkets,
remesa_especie,8,remesa_especie/8,Purchase orders for warehouses and appliance stores,
remesa_especie,9,remesa_especie/9,Other,
remesa_especie,99,remesa_especie/99,NS / NR,
,,,,
remesa_efectivo_uso,1,remesa_efectivo_uso/1,Food purchase,
remesa_efectivo_uso,2,remesa_efectivo_uso/2,Health expenses (medicines / medical consultation),
remesa_efectivo_uso,3,remesa_efectivo_uso/3,"Expenses related to COVID-19 (protection supplies, medical consultation, medicines)",
remesa_efectivo_uso,4,remesa_efectivo_uso/4,Education expenses,
remesa_efectivo_uso,5,remesa_efectivo_uso/5,"Payment of services (water, electricity, cable, internet, communication)",
remesa_efectivo_uso,6,remesa_efectivo_uso/6,Clothes and shoes,
remesa_efectivo_uso,7,remesa_efectivo_uso/7,Housing (construction or repair),
remesa_efectivo_uso,8,remesa_efectivo_uso/8,Housing rental fee,
remesa_efectivo_uso,9,remesa_efectivo_uso/9,Home purchase fee,
remesa_efectivo_uso,10,remesa_efectivo_uso/10,Purchase of agricultural inputs,
remesa_efectivo_uso,11,remesa_efectivo_uso/11,Business (trade),
remesa_efectivo_uso,12,remesa_efectivo_uso/12,Saving,
remesa_efectivo_uso,13,remesa_efectivo_uso/13,Payment of commitments of members residing abroad,
remesa_efectivo_uso,14,remesa_efectivo_uso/14,Payment of the sender's travel debt,
remesa_efectivo_uso,15,remesa_efectivo_uso/15,Payment of other debts,
remesa_efectivo_uso,16,remesa_efectivo_uso/16,Other,
remesa_efectivo_uso,99,remesa_efectivo_uso/99,NS / NR,
,,,,
remesa_efectivo_cobro,1,remesa_efectivo_cobro/1,"Remittance sending company (MoneyGram, WesternUnion, Tigo Money, Mobile Money, PayPal, etc.)",
remesa_efectivo_cobro,2,remesa_efectivo_cobro/2,Banks: deposit on account,
remesa_efectivo_cobro,3,remesa_efectivo_cobro/3,Exchange houses,
remesa_efectivo_cobro,4,remesa_efectivo_cobro/4,Credit boxes,
remesa_efectivo_cobro,5,remesa_efectivo_cobro/5,Cooperatives of saving and credit,
remesa_efectivo_cobro,6,remesa_efectivo_cobro/6,Personal / direct delivery in cash (parcel),
remesa_efectivo_cobro,7,remesa_efectivo_cobro/7,Other media,
remesa_efectivo_cobro,99,remesa_efectivo_cobro/99,NS / NR,
,,,,
remesa_efectivo_who,1,remesa_efectivo_who/1,The sender,
remesa_efectivo_who,2,remesa_efectivo_who/2,The recipient,
remesa_efectivo_who,3,remesa_efectivo_who/3,Other household member (s),
remesa_efectivo_who,4,remesa_efectivo_who/4,Other person (s) who are not members of the household,
remesa_efectivo_who,5,remesa_efectivo_who/5,Family decision,
remesa_efectivo_who,99,remesa_efectivo_who/99,NS / NR,
,,,,
sexo_ambos,1,sexo_ambos/1,Woman,
sexo_ambos,2,sexo_ambos/2,Man,
sexo_ambos,3,sexo_ambos/3,Both (woman and man),
sexo_ambos,4,sexo_ambos/4,I prefer not to say,
sexo_ambos,99,sexo_ambos/99,NS / NR,
,,,,
mig_pend_motivo,1,mig_pend_motivo/1,For your own business: Buy products in another country,
mig_pend_motivo,2,mig_pend_motivo/2,For own business: Sell products in another country,
mig_pend_motivo,3,mig_pend_motivo/3,Employment in another country,
mig_pend_motivo,4,mig_pend_motivo/4,Work in the country of origin and in the country of destination,
mig_pend_motivo,5,mig_pend_motivo/5,Study in another country,
mig_pend_motivo,6,mig_pend_motivo/6,For health: buy medicines and / or treatments or medical consultations in another country,
mig_pend_motivo,7,mig_pend_motivo/7,For tourism / adventure,
mig_pend_motivo,8,mig_pend_motivo/8,Visit relatives or friends on a regular basis,
mig_pend_motivo,9,mig_pend_motivo/9,For insecurity,
mig_pend_motivo,10,mig_pend_motivo/10,For domestic violence,
mig_pend_motivo,11,mig_pend_motivo/11,Other,
mig_pend_motivo,99,mig_pend_motivo/99,NS / NR,
,,,,
mig_pend_country,1,mig_pend_country/1,United States of America,
mig_pend_country,2,mig_pend_country/2,Canada,
mig_pend_country,3,mig_pend_country/3,Australia,
mig_pend_country,4,mig_pend_country/4,Spain,
mig_pend_country,5,mig_pend_country/5,Italy,
mig_pend_country,6,mig_pend_country/6,Mexico,
mig_pend_country,7,mig_pend_country/7,Guatemala,
mig_pend_country,8,mig_pend_country/8,Costa Rica,
mig_pend_country,9,mig_pend_country/9,Honduras,
mig_pend_country,10,mig_pend_country/10,The Savior,
mig_pend_country,11,mig_pend_country/11,Nicaragua,
mig_pend_country,12,mig_pend_country/12,Belize,
mig_pend_country,13,mig_pend_country/13,France,
mig_pend_country,14,mig_pend_country/14,Panama,
mig_pend_country,15,mig_pend_country/15,Colombia,
mig_pend_country,16,mig_pend_country/16,Ecuador,
mig_pend_country,17,mig_pend_country/17,Peru,
mig_pend_country,18,mig_pend_country/18,UK,
mig_pend_country,19,mig_pend_country/19,chili,
mig_pend_country,20,mig_pend_country/20,Brazil,
mig_pend_country,21,mig_pend_country/21,Other,
mig_pend_country,99,mig_pend_country/99,NS / NR,
,,,,
mig_int_temporalidad,1,mig_int_temporalidad/1,Permanent migration,
mig_int_temporalidad,2,mig_int_temporalidad/2,"Temporary migration (eg students, domestic work, etc.)",
mig_int_temporalidad,3,mig_int_temporalidad/3,Seasonal migration (eg agricultural livelihoods),
mig_int_temporalidad,99,mig_int_temporalidad/99,NS / NR,
,,,,
mig_int_freq,1,mig_int_freq/1,Every week or less,
mig_int_freq,2,mig_int_freq/2,Every fifteen days,
mig_int_freq,3,mig_int_freq/3,Each month,
mig_int_freq,4,mig_int_freq/4,Every two months,
mig_int_freq,5,mig_int_freq/5,Every three months,
mig_int_freq,6,mig_int_freq/6,Every six months,
mig_int_freq,7,mig_int_freq/7,Once a year,
mig_int_freq,8,mig_int_freq/8,Other,
mig_int_freq,99,mig_int_freq/99,NS / NR,
,,,,
mig_int_motivo,1,mig_int_motivo/1,"Search for a better job, salary or working conditions",
mig_int_motivo,2,mig_int_motivo/2,Unemployment,
mig_int_motivo,3,mig_int_motivo/3,"Deterioration of livelihoods due to natural hazards (floods, droughts, volcanic eruptions, hurricanes, plagues, etc.)",
mig_int_motivo,4,mig_int_motivo/4,By the direct impact of a natural hazard,
mig_int_motivo,5,mig_int_motivo/5,Due to loss of land due to processes of land use change,
mig_int_motivo,6,mig_int_motivo/6,Lack of money to buy food,
mig_int_motivo,7,mig_int_motivo/7,"Lack of money to cover other basic needs (health, education, housing, clothing, services, etc.)",
mig_int_motivo,8,mig_int_motivo/8,For study,
mig_int_motivo,9,mig_int_motivo/9,Domestic violence,
mig_int_motivo,10,mig_int_motivo/10,Unsafety,
mig_int_motivo,11,mig_int_motivo/11,"For health: treatments, surgeries or medical consultations, medicines, etc.",
mig_int_motivo,12,mig_int_motivo/12,Adventure Turism,
mig_int_motivo,13,mig_int_motivo/13,Other,
mig_int_motivo,99,mig_int_motivo/99,NS / NR,
,,,,
mig_int_gt,GT01,mig_int_gt/GT01,Guatemala,
mig_int_gt,GT02,mig_int_gt/GT02,Progress,
mig_int_gt,GT03,mig_int_gt/GT03,Sacatepequez,
mig_int_gt,GT04,mig_int_gt/GT04,Chimaltenango,
mig_int_gt,GT05,mig_int_gt/GT05,Escuintla,
mig_int_gt,GT06,mig_int_gt/GT06,Santa Rosa,
mig_int_gt,GT07,mig_int_gt/GT07,Only the,
mig_int_gt,GT08,mig_int_gt/GT08,Totonicapan,
mig_int_gt,GT09,mig_int_gt/GT09,Quetzaltenango,
mig_int_gt,GT10,mig_int_gt/GT10,Suchitepequez,
mig_int_gt,GT11,mig_int_gt/GT11,Retalhuleu,
mig_int_gt,GT12,mig_int_gt/GT12,San Marcos,
mig_int_gt,GT13,mig_int_gt/GT13,Huehuetenango,
mig_int_gt,GT14,mig_int_gt/GT14,Quiche,
mig_int_gt,GT15,mig_int_gt/GT15,Baja Verapaz,
mig_int_gt,GT16,mig_int_gt/GT16,Alta Verapaz,
mig_int_gt,GT17,mig_int_gt/GT17,Peten,
mig_int_gt,GT18,mig_int_gt/GT18,Izabal,
mig_int_gt,GT19,mig_int_gt/GT19,Zacapa,
mig_int_gt,GT20,mig_int_gt/GT20,Chiquimula,
mig_int_gt,GT21,mig_int_gt/GT21,Jalapa,
mig_int_gt,GT22,mig_int_gt/GT22,Jutiapa,
,,,,
mig_int_slv,1184,mig_int_slv/1184,Ahuachapan,
mig_int_slv,1185,mig_int_slv/1185,Cabins,
mig_int_slv,1186,mig_int_slv/1186,Chalatenango,
mig_int_slv,1187,mig_int_slv/1187,Cuscatlan,
mig_int_slv,1188,mig_int_slv/1188,Freedom,
mig_int_slv,1189,mig_int_slv/1189,Peace,
mig_int_slv,1190,mig_int_slv/1190,The Union,
mig_int_slv,1191,mig_int_slv/1191,Morazan,
mig_int_slv,1192,mig_int_slv/1192,San Miguel,
mig_int_slv,1193,mig_int_slv/1193,San Salvador,
mig_int_slv,1194,mig_int_slv/1194,Saint vincent,
mig_int_slv,1195,mig_int_slv/1195,Saint Ana,
mig_int_slv,1196,mig_int_slv/1196,Sonsonate,
mig_int_slv,1197,mig_int_slv/1197,Usulutan,
,,,,
mig_int_hnd,901725,mig_int_hnd/901725,Atlantida,
mig_int_hnd,901726,mig_int_hnd/901726,Choluteca,
mig_int_hnd,901727,mig_int_hnd/901727,Colon,
mig_int_hnd,901728,mig_int_hnd/901728,Comayagua,
mig_int_hnd,901729,mig_int_hnd/901729,Copan,
mig_int_hnd,901730,mig_int_hnd/901730,Cuts,
mig_int_hnd,901731,mig_int_hnd/901731,The Paradise,
mig_int_hnd,901732,mig_int_hnd/901732,Francisco Morazan,
mig_int_hnd,901733,mig_int_hnd/901733,Thanks god,
mig_int_hnd,901734,mig_int_hnd/901734,Intibuca,
mig_int_hnd,901735,mig_int_hnd/901735,Bay islands,
mig_int_hnd,901736,mig_int_hnd/901736,Peace,
mig_int_hnd,901737,mig_int_hnd/901737,Lempira,
mig_int_hnd,901738,mig_int_hnd/901738,Ocotepeque,
mig_int_hnd,901739,mig_int_hnd/901739,Olancho,
mig_int_hnd,901740,mig_int_hnd/901740,Saint Barbara,
mig_int_hnd,901741,mig_int_hnd/901741,Valley,
mig_int_hnd,901742,mig_int_hnd/901742,Yoro,
,,,,
mig_int_area,1,mig_int_area/1,Rural,
mig_int_area,2,mig_int_area/2,Urban,
mig_int_area,3,mig_int_area/3,Both,
mig_int_area,99,mig_int_area/99,NS / NR,
,,,,
LCSI,1,LCSI/1,Yes,
LCSI,2,LCSI/2,"No, because I didn't need to do it",
LCSI,3,LCSI/3,"No, because I have already adopted this strategy and it has been exhausted",
LCSI,88,LCSI/88,Does not apply,
,,,,
moneda,1,moneda/1,Dollars,
moneda,2,moneda/2,Lempiras,
moneda,3,moneda/3,Quetzals,
,,,,
income_exp_food,1,income_exp_food/1,Enough,
income_exp_food,2,income_exp_food/2,Almost enough,
income_exp_food,3,income_exp_food/3,Sometimes enough,
income_exp_food,4,income_exp_food/4,Rarely enough,
income_exp_food,5,income_exp_food/5,Insufficient,
income_exp_food,99,income_exp_food/99,NS / NR,
,,,,
income_exp_other,1,income_exp_other/1,Enough,
income_exp_other,2,income_exp_other/2,Almost enough,
income_exp_other,3,income_exp_other/3,Sometimes enough,
income_exp_other,4,income_exp_other/4,Rarely enough,
income_exp_other,5,income_exp_other/5,Insufficient,
income_exp_other,99,income_exp_other/99,NS / NR,
,,,,
income_sufficiency_6m,1,income_sufficiency_6m/1,Enough,
income_sufficiency_6m,2,income_sufficiency_6m/2,Almost enough,
income_sufficiency_6m,3,income_sufficiency_6m/3,Sometimes enough,
income_sufficiency_6m,4,income_sufficiency_6m/4,Rarely enough,
income_sufficiency_6m,5,income_sufficiency_6m/5,Insufficient,
income_sufficiency_6m,99,income_sufficiency_6m/99,NS / NR,
,,,,
hh_income_first_temp,1,hh_income_first_temp/1,Permanent,
hh_income_first_temp,2,hh_income_first_temp/2,Seasonal,
hh_income_first_temp,3,hh_income_first_temp/3,Temporary,
,,,,
hh_income_first,1,hh_income_first/1,"Own production (agricultural, livestock and fishing)",
hh_income_first,2,hh_income_first/2,"Jornaleo (agricultural, farming and fishing)",
hh_income_first,3,hh_income_first/3,"Government employment (teacher, health worker, administration, etc.)",
hh_income_first,4,hh_income_first/4,Employment in private company,
hh_income_first,5,hh_income_first/5,Employment in NGO or international organization,
hh_income_first,6,hh_income_first/6,"Non-agricultural work (housework, hairdresser, guard, carpenter, bricklayer, etc.)",
hh_income_first,7,hh_income_first/7,Informal trade or street vending,
hh_income_first,8,hh_income_first/8,"Small-scale own business (store / pulpería, ventures, etc.)",
hh_income_first,9,hh_income_first/9,Own business on a larger scale,
hh_income_first,10,hh_income_first/10,"Self-employment (professional services, etc.)",
hh_income_first,11,hh_income_first/11,"Assistance from the government or any other actor, pension or subsidies",
hh_income_first,12,hh_income_first/12,Migrant remittances abroad,
hh_income_first,13,hh_income_first/13,Money from people who migrate or have migrated in the country,
hh_income_first,14,hh_income_first/14,Help from family and / or friends,
hh_income_first,15,hh_income_first/15,Other,
hh_income_first,16,hh_income_first/16,I have no other way of life,
,,,,
hh_income_second,1,hh_income_second/1,"Own production (agricultural, livestock and fishing)",
hh_income_second,2,hh_income_second/2,"Jornaleo (agricultural, farming and fishing)",
hh_income_second,3,hh_income_second/3,"Government employment (teacher, health worker, administration, etc.)",
hh_income_second,4,hh_income_second/4,Employment in private company,
hh_income_second,5,hh_income_second/5,Employment in NGO or international organization,
hh_income_second,6,hh_income_second/6,"Non-agricultural work (housework, hairdresser, guard, carpenter, bricklayer, etc.)",
hh_income_second,7,hh_income_second/7,Informal trade or street vending,
hh_income_second,8,hh_income_second/8,"Small-scale own business (store / pulpería, ventures, etc.)",
hh_income_second,9,hh_income_second/9,Own business on a larger scale,
hh_income_second,10,hh_income_second/10,"Self-employment (professional services, etc.)",
hh_income_second,11,hh_income_second/11,"Assistance from the government or any other actor, pension or subsidies",
hh_income_second,12,hh_income_second/12,Migrant remittances abroad,
hh_income_second,13,hh_income_second/13,Money from people who migrate or have migrated in the country,
hh_income_second,14,hh_income_second/14,Help from family and / or friends,
hh_income_second,15,hh_income_second/15,Other,
hh_income_second,16,hh_income_second/16,I have no other way of life,
,,,,
hh_income_second_temp,1,hh_income_second_temp/1,Permanent,
hh_income_second_temp,2,hh_income_second_temp/2,Seasonal,
hh_income_second_temp,3,hh_income_second_temp/3,Temporary,
,,,,
hh_income_third,1,hh_income_third/1,"Own production (agricultural, livestock and fishing)",
hh_income_third,2,hh_income_third/2,"Jornaleo (agricultural, farming and fishing)",
hh_income_third,3,hh_income_third/3,"Government employment (teacher, health worker, administration, etc.)",
hh_income_third,4,hh_income_third/4,Employment in private company,
hh_income_third,5,hh_income_third/5,Employment in NGO or international organization,
hh_income_third,6,hh_income_third/6,"Non-agricultural work (housework, hairdresser, guard, carpenter, bricklayer, etc.)",
hh_income_third,7,hh_income_third/7,Informal trade or street vending,
hh_income_third,8,hh_income_third/8,"Small-scale own business (store / pulpería, ventures, etc.)",
hh_income_third,9,hh_income_third/9,Own business on a larger scale,
hh_income_third,10,hh_income_third/10,"Self-employment (professional services, etc.)",
hh_income_third,11,hh_income_third/11,"Assistance from the government or any other actor, pension or subsidies",
hh_income_third,12,hh_income_third/12,Migrant remittances abroad,
hh_income_third,13,hh_income_third/13,Money from people who migrate or have migrated in the country,
hh_income_third,14,hh_income_third/14,Help from family and / or friends,
hh_income_third,15,hh_income_third/15,Other,
hh_income_third,16,hh_income_third/16,I have no other way of life,
,,,,
hh_income_third_temp,1,hh_income_third_temp/1,Permanent,
hh_income_third_temp,2,hh_income_third_temp/2,Seasonal,
hh_income_third_temp,3,hh_income_third_temp/3,Temporary,
,,,,
mdv_imp_covid_job,1,mdv_imp_covid_job/1,Yes,
mdv_imp_covid_job,0,mdv_imp_covid_job/0,Not,
mdv_imp_covid_job,2,mdv_imp_covid_job/2,"Does not apply, no person in the family is engaged in a job or has a business",
mdv_imp_covid_job,99,mdv_imp_covid_job/99,NS / NR,
,,,,
mdv_imp_covid_ing,1,mdv_imp_covid_ing/1,Income increased,
mdv_imp_covid_ing,2,mdv_imp_covid_ing/2,Income was maintained,
mdv_imp_covid_ing,3,mdv_imp_covid_ing/3,Income decreased,
mdv_imp_covid_ing,4,mdv_imp_covid_ing/4,Total loss of income,
mdv_imp_covid_ing,99,mdv_imp_covid_ing/99,NS / NR,
,,,,
mdv_deuda,1,mdv_deuda/1,Buy food,
mdv_deuda,2,mdv_deuda/2,Cover health expenses,
mdv_deuda,3,mdv_deuda/3,Pay for school or education expenses,
mdv_deuda,4,mdv_deuda/4,Pay rent or rent of the house,
mdv_deuda,5,mdv_deuda/5,"Pay for services (water, electricity, telecommunications, internet)",
mdv_deuda,6,mdv_deuda/6,"Buy clothes, shoes",
mdv_deuda,7,mdv_deuda/7,Pay ceremonies,
mdv_deuda,8,mdv_deuda/8,Cover the expenses of a trip,
mdv_deuda,9,mdv_deuda/9,Cover migration expenses,
mdv_deuda,10,mdv_deuda/10,Investments / creating a business,
mdv_deuda,11,mdv_deuda/11,Buy productive inputs,
mdv_deuda,12,mdv_deuda/12,Pregnancy / baby birth,
mdv_deuda,13,mdv_deuda/13,Other,
mdv_deuda,99,mdv_deuda/99,NS / NR,
,,,,
mdv_deuda_fuente,1,mdv_deuda_fuente/1,Relatives or friends,
mdv_deuda_fuente,2,mdv_deuda_fuente/2,Bank,
mdv_deuda_fuente,3,mdv_deuda_fuente/3,Credit cooperative,
mdv_deuda_fuente,4,mdv_deuda_fuente/4,Money lender,
mdv_deuda_fuente,5,mdv_deuda_fuente/5,Homeowner (late rent),
mdv_deuda_fuente,6,mdv_deuda_fuente/6,Savings and credit banks,
mdv_deuda_fuente,7,mdv_deuda_fuente/7,Other credit institution,
mdv_deuda_fuente,99,mdv_deuda_fuente/99,NS / NR,
,,,,
programas_asistencia_gob,1,programas_asistencia_gob/1,Cash,
programas_asistencia_gob,2,programas_asistencia_gob/2,In-kind food,
programas_asistencia_gob,3,programas_asistencia_gob/3,Protection products against COVID-19,
programas_asistencia_gob,4,programas_asistencia_gob/4,Other non-food products,
programas_asistencia_gob,5,programas_asistencia_gob/5,Health benefits,
programas_asistencia_gob,6,programas_asistencia_gob/6,"Education (school meals, uniforms, school supplies, etc.)",
programas_asistencia_gob,7,programas_asistencia_gob/7,Productive support social program,
programas_asistencia_gob,8,programas_asistencia_gob/8,"Subsidies (electricity, water, gas, etc.)",
programas_asistencia_gob,9,programas_asistencia_gob/9,Other,
programas_asistencia_gob,99,programas_asistencia_gob/99,NS / NR,
,,,,
programas_asistencia,1,programas_asistencia/1,Cash,
programas_asistencia,2,programas_asistencia/2,In-kind food,
programas_asistencia,3,programas_asistencia/3,Protection products against COVID-19,
programas_asistencia,4,programas_asistencia/4,Other non-food products,
programas_asistencia,5,programas_asistencia/5,Health benefits,
programas_asistencia,6,programas_asistencia/6,"Education (school meals, uniforms, school supplies, etc.)",
programas_asistencia,7,programas_asistencia/7,Productive support social program,
programas_asistencia,8,programas_asistencia/8,Other,
programas_asistencia,99,programas_asistencia/99,NS / NR,
,,,,
fuente_agua_beber,1,fuente_agua_beber/1,Bottled water,
fuente_agua_beber,2,fuente_agua_beber/2,"Purified water (filtered, boiled, chemically treated, etc.)",
fuente_agua_beber,3,fuente_agua_beber/3,Drinking water,
fuente_agua_beber,4,fuente_agua_beber/4,Groundwater: well,
fuente_agua_beber,5,fuente_agua_beber/5,"Surface water: river, lake, pond, stream, canal",
fuente_agua_beber,6,fuente_agua_beber/6,Public water source / intake,
fuente_agua_beber,7,fuente_agua_beber/7,Rainwater harvesting,
fuente_agua_beber,8,fuente_agua_beber/8,Tanker truck water,
fuente_agua_beber,9,fuente_agua_beber/9,Other,
fuente_agua_beber,99,fuente_agua_beber/99,NS / NR,
,,,,
fuente_agua_hh,1,fuente_agua_hh/1,Drinking water,
fuente_agua_hh,2,fuente_agua_hh/2,Groundwater: well,
fuente_agua_hh,3,fuente_agua_hh/3,"Surface water: river, lake, pond, stream, canal",
fuente_agua_hh,4,fuente_agua_hh/4,Public water source / intake,
fuente_agua_hh,5,fuente_agua_hh/5,Rainwater harvesting,
fuente_agua_hh,6,fuente_agua_hh/6,Tanker truck water,
fuente_agua_hh,7,fuente_agua_hh/7,Other,
fuente_agua_hh,99,fuente_agua_hh/99,NS / NR,
,,,,
energia_alt,1,energia_alt/1,Neighbor's electrical connection,
energia_alt,2,energia_alt/2,Kerosene (gas),
energia_alt,3,energia_alt/3,Candle,
energia_alt,4,energia_alt/4,Electric generator,
energia_alt,5,energia_alt/5,Solar panel,
energia_alt,6,energia_alt/6,Other,
energia_alt,99,energia_alt/99,NS / NR,
,,,,
cooking_fuel,1,cooking_fuel/1,Propane gas,
cooking_fuel,2,cooking_fuel/2,Firewood,
cooking_fuel,3,cooking_fuel/3,Coal,
cooking_fuel,4,cooking_fuel/4,Electric power,
cooking_fuel,5,cooking_fuel/5,Other,
cooking_fuel,99,cooking_fuel/99,NS / NR,
,,,,
desechos_solidos,1,desechos_solidos/1,Public home collection,
desechos_solidos,2,desechos_solidos/2,Private home collection,
desechos_solidos,3,desechos_solidos/3,It is deposited in containers,
desechos_solidos,4,desechos_solidos/4,Burns or buries,
desechos_solidos,5,desechos_solidos/5,Landfill on site,
desechos_solidos,6,desechos_solidos/6,"It is thrown in a river, stream, lake, lagoon or sea",
desechos_solidos,7,desechos_solidos/7,Recycling,
desechos_solidos,8,desechos_solidos/8,Other,
desechos_solidos,99,desechos_solidos/99,NS / NR,
,,,,
vivienda_tipo,1,vivienda_tipo/1,Private or independent house,
vivienda_tipo,2,vivienda_tipo/2,Apartment,
vivienda_tipo,3,vivienda_tipo/3,Condominium,
vivienda_tipo,4,vivienda_tipo/4,Room in a house,
vivienda_tipo,5,vivienda_tipo/5,Room in an inn,
vivienda_tipo,6,vivienda_tipo/6,Makeshift housing,
vivienda_tipo,7,vivienda_tipo/7,Ranch,
vivienda_tipo,8,vivienda_tipo/8,Other,
vivienda_tipo,99,vivienda_tipo/99,NS / NR,
,,,,
vivienda_propiedad,1,vivienda_propiedad/1,Own,
vivienda_propiedad,2,vivienda_propiedad/2,Own paying in installments,
vivienda_propiedad,3,vivienda_propiedad/3,Rented,
vivienda_propiedad,4,vivienda_propiedad/4,Free occupant,
vivienda_propiedad,5,vivienda_propiedad/5,Settler,
vivienda_propiedad,8,vivienda_propiedad/8,Other,
vivienda_propiedad,99,vivienda_propiedad/99,NS / NR,
,,,,
material_piso,1,material_piso/1,Cement brick,
material_piso,2,material_piso/2,Cement,
material_piso,3,material_piso/3,Ceramic brick,
material_piso,4,material_piso/4,Land,
material_piso,5,material_piso/5,Mud brick,
material_piso,6,material_piso/6,Wood,
material_piso,7,material_piso/7,Other material,
material_piso,99,material_piso/99,NS / NR,
,,,,
material_paredes,1,material_paredes/1,Concrete or mixed,
material_paredes,2,material_paredes/2,Adobe,
material_paredes,3,material_paredes/3,Metal foil,
material_paredes,4,material_paredes/4,Bahareque,
material_paredes,5,material_paredes/5,Wood,
material_paredes,6,material_paredes/6,Waste materials,
material_paredes,7,material_paredes/7,Straw or palm,
material_paredes,8,material_paredes/8,Other material,
material_paredes,99,material_paredes/99,NS / NR,
,,,,
material_techo,1,material_techo/1,Metal foil,
material_techo,2,material_techo/2,Asbestos sheet or fiber cement,
material_techo,3,material_techo/3,Clay or cement tile,
material_techo,4,material_techo/4,Concrete slab,
material_techo,5,material_techo/5,Straw or palm,
material_techo,6,material_techo/6,Waste materials,
material_techo,7,material_techo/7,Other material,
material_techo,99,material_techo/99,NS / NR,
,,,,
servicio_sanitario,1,servicio_sanitario/1,Private toilet to sewer,
servicio_sanitario,2,servicio_sanitario/2,Common toilet to sewer,
servicio_sanitario,3,servicio_sanitario/3,Private toilet to septic tank,
servicio_sanitario,4,servicio_sanitario/4,Common toilet to septic tank,
servicio_sanitario,5,servicio_sanitario/5,Private latrine,
servicio_sanitario,6,servicio_sanitario/6,Common latrine,
servicio_sanitario,7,servicio_sanitario/7,Does not have,
,,,,
shocks,1,shocks/1,Floods,
shocks,2,shocks/2,Landslides,
shocks,3,shocks/3,Hurricanes / Tropical Storms,
shocks,4,shocks/4,Volcanic eruptions,
shocks,5,shocks/5,Earthquakes,
shocks,6,shocks/6,Drought,
shocks,7,shocks/7,Coffee rust,
shocks,8,shocks/8,Plagues and diseases,
shocks,9,shocks/9,Other,
shocks,10,shocks/10,None,
shocks,99,shocks/99,NS / NR,
,,,,
preocupaciones_first,1,preocupaciones_first/1,Fear of contagion of COVID-19,
preocupaciones_first,2,preocupaciones_first/2,Limitations or restrictions on mobility due to COVID-19,
preocupaciones_first,3,preocupaciones_first/3,Can't afford to buy food,
preocupaciones_first,4,preocupaciones_first/4,Lack of work / unemployment,
preocupaciones_first,5,preocupaciones_first/5,Insecurity / violence,
preocupaciones_first,6,preocupaciones_first/6,Difficulty paying the rent or loan,
preocupaciones_first,7,preocupaciones_first/7,Interruption or irregularity in educational services,
preocupaciones_first,8,preocupaciones_first/8,Interruption of medical services,
preocupaciones_first,9,preocupaciones_first/9,Medicines shortage,
preocupaciones_first,10,preocupaciones_first/10,Public transport shortage,
preocupaciones_first,11,preocupaciones_first/11,Lack of water,
preocupaciones_first,12,preocupaciones_first/12,Persecution / discrimination,
preocupaciones_first,13,preocupaciones_first/13,"Fear of facing a natural threat (hurricanes, volcanic eruptions, plagues, etc.)",
preocupaciones_first,14,preocupaciones_first/14,Other,
preocupaciones_first,15,preocupaciones_first/15,Without worries,
,,,,
preocupaciones_second,1,preocupaciones_second/1,Fear of contagion of COVID-19,
preocupaciones_second,2,preocupaciones_second/2,Limitations or restrictions on mobility due to COVID-19,
preocupaciones_second,3,preocupaciones_second/3,Can't afford to buy food,
preocupaciones_second,4,preocupaciones_second/4,Lack of work / unemployment,
preocupaciones_second,5,preocupaciones_second/5,Insecurity / violence,
preocupaciones_second,6,preocupaciones_second/6,Difficulty paying the rent or loan,
preocupaciones_second,7,preocupaciones_second/7,Interruption or irregularity in educational services,
preocupaciones_second,8,preocupaciones_second/8,Interruption of medical services,
preocupaciones_second,9,preocupaciones_second/9,Medicines shortage,
preocupaciones_second,10,preocupaciones_second/10,Public transport shortage,
preocupaciones_second,11,preocupaciones_second/11,Lack of water,
preocupaciones_second,12,preocupaciones_second/12,Persecution / discrimination,
preocupaciones_second,13,preocupaciones_second/13,"Fear of facing a natural threat (hurricanes, volcanic eruptions, plagues, etc.)",
preocupaciones_second,14,preocupaciones_second/14,Other,
preocupaciones_second,15,preocupaciones_second/15,Without worries,
,,,,
preocupaciones_third,1,preocupaciones_third/1,Fear of contagion of COVID-19,
preocupaciones_third,2,preocupaciones_third/2,Limitations or restrictions on mobility due to COVID-19,
preocupaciones_third,3,preocupaciones_third/3,Can't afford to buy food,
preocupaciones_third,4,preocupaciones_third/4,Lack of work / unemployment,
preocupaciones_third,5,preocupaciones_third/5,Insecurity / violence,
preocupaciones_third,6,preocupaciones_third/6,Difficulty paying the rent or loan,
preocupaciones_third,7,preocupaciones_third/7,Interruption or irregularity in educational services,
preocupaciones_third,8,preocupaciones_third/8,Interruption of medical services,
preocupaciones_third,9,preocupaciones_third/9,Medicines shortage,
preocupaciones_third,10,preocupaciones_third/10,Public transport shortage,
preocupaciones_third,11,preocupaciones_third/11,Lack of water,
preocupaciones_third,12,preocupaciones_third/12,Persecution / discrimination,
preocupaciones_third,13,preocupaciones_third/13,"Fear of facing a natural threat (hurricanes, volcanic eruptions, plagues, etc.)",
preocupaciones_third,14,preocupaciones_third/14,Other,
preocupaciones_third,15,preocupaciones_third/15,Without worries,
,,,,
level_satisfaction_area,1,level_satisfaction_area/1,Satisfied,
level_satisfaction_area,0,level_satisfaction_area/0,Not satisfied,
level_satisfaction_area,99,level_satisfaction_area/99,NS / NR,
,,,,
level_satisfaction_living,1,level_satisfaction_living/1,Satisfied,
level_satisfaction_living,0,level_satisfaction_living/0,Not satisfied,
level_satisfaction_living,99,level_satisfaction_living/99,NS / NR,
,,,,
inseguridad_comunidad,1,inseguridad_comunidad/1,Robberies and robberies,
inseguridad_comunidad,2,inseguridad_comunidad/2,Collections from criminal groups (extortion),
inseguridad_comunidad,3,inseguridad_comunidad/3,Confrontation between criminal groups or with the police / armed forces,
inseguridad_comunidad,4,inseguridad_comunidad/4,Drug sales,
inseguridad_comunidad,5,inseguridad_comunidad/5,Smuggling,
inseguridad_comunidad,6,inseguridad_comunidad/6,Hitman,
inseguridad_comunidad,7,inseguridad_comunidad/7,Increase in prostitution,
inseguridad_comunidad,8,inseguridad_comunidad/8,Gender violence,
inseguridad_comunidad,9,inseguridad_comunidad/9,Domestic violence,
inseguridad_comunidad,10,inseguridad_comunidad/10,Kidnappings,
inseguridad_comunidad,11,inseguridad_comunidad/11,Toll collection,
inseguridad_comunidad,12,inseguridad_comunidad/12,Other,
inseguridad_comunidad,13,inseguridad_comunidad/13,"None, it is very safe",
inseguridad_comunidad,99,inseguridad_comunidad/99,NS / NR,
,,,,
nivel_violencia,1,nivel_violencia/1,Increased,
nivel_violencia,2,nivel_violencia/2,Diminished,
nivel_violencia,3,nivel_violencia/3,Same / No change,
nivel_violencia,4,nivel_violencia/4,No violent acts / crime,
nivel_violencia,99,nivel_violencia/99,NS / NR,
,,,,
econ_condition,1,econ_condition/1,Worse,
econ_condition,2,econ_condition/2,It remains the same,
econ_condition,3,econ_condition/3,Getting better,
econ_condition,99,econ_condition/99,NS / NR,
,,,,
income_satisfaction,1,income_satisfaction/1,We live comfortably on current income,
income_satisfaction,2,income_satisfaction/2,We survive on current income,
income_satisfaction,3,income_satisfaction/3,We are struggling with current income,
income_satisfaction,4,income_satisfaction/4,We are in a very critical situation with current income,
income_satisfaction,99,income_satisfaction/99,NS / NR,
,,,,
living_condition,1,living_condition/1,Worse,
living_condition,2,living_condition/2,It remains the same,
living_condition,3,living_condition/3,Getting better,
living_condition,99,living_condition/99,NS / NR,
,,,,
mig_ext_finance_group,1,mig_ext_finance_group/1,Financial institution,
mig_ext_finance_group,2,mig_ext_finance_group/2,From family and friend,
mig_ext_finance_group,3,mig_ext_finance_group/3,On my own,
,,,,
mig_ext_medio_group,1,mig_ext_medio_group/1,Regular migration,
mig_ext_medio_group,2,mig_ext_medio_group/2,Irregular with coyote,
mig_ext_medio_group,3,mig_ext_medio_group/3,Irregular on own,
,,,,
income_per_capita_tier,"(-0.0073, 1.216]",income_per_capita_tier/1,extreme low income,
income_per_capita_tier,"(1.216, 2.433]",income_per_capita_tier/2,low income,
income_per_capita_tier,"(2.433, 3.649]",income_per_capita_tier/3,mid-low income,
income_per_capita_tier,"(3.649, 4.865]",income_per_capita_tier/4,mid income,
income_per_capita_tier,"(4.865, 6.081]",income_per_capita_tier/5,mid-high income,
income_per_capita_tier,"(6.081, 7.298]",income_per_capita_tier/6,high income,
,,,,